{"project":"bootstrapper","platform":"pc","changelist":1,"exception_code":-1,"first_party_platform":2,"driver_digest_1":"7B09B2D5369E34508520C98817B87034","driver_digest_2":"00000000000000000000000000000000","game_digest_1":"BCC34F128030A6B6115D7BA7FA3891FB","game_digest_2":"00000000000000000000000000000000","service_name":"atvi-randgrid_sr","extch_perfinfo_commit_limit_mb":19063,"extch_perfinfo_commit_peak_mb":21360,"extch_perfinfo_commit_total_mb":13974,"extch_perfinfo_physical_available_mb":6970,"extch_perfinfo_physical_total_mb":16106,"extch_perfinfo_system_cache_mb":5967,"extch_perfinfo_kernel_paged_mb":657,"extch_perfinfo_kernel_nonpaged_mb":818,"extch_perfinfo_kernel_total_mb":1475,"extch_perfinfo_page_size":4096,"extch_perfinfo_handle_count":132342,"extch_perfinfo_process_count":287,"extch_perfinfo_thread_count":4468,"extch_procmem_page_fault_count":2102,"extch_procmem_working_set_size_mb":7,"extch_procmem_paged_pool_usage_mb":0,"extch_procmem_non_paged_pool_usage_mb":0,"extch_procmem_page_file_usage_mb":1,"extch_procmem_peak_working_set_size_mb":7,"extch_procmem_peak_paged_pool_usage_mb":0,"extch_procmem_peak_non_paged_pool_usage_mb":0,"extch_procmem_peak_page_file_usage_mb":1,"extch_hw_baseboard_manufacturer":"ASUSTeK COMPUTER INC.","extch_hw_baseboard_product":"FX506HC","extch_hw_baseboard_version":"1.0","extch_hw_bios_version":"FX506HC.313","extch_hw_bios_release_date":"03/03/2023","extch_hw_cpu_microcode_version":"00 00 00 00 34 00 00 00","extch_hw_cpu_bios_microcode_version":"00 00 00 00 34 00 00 00","extch_hw_cpu_family_and_model":"Intel64 Family 6 Model 141 Stepping 1","extch_hw_cpu_platform_specific_field_1":2,"extch_hw_cpu_feature_set":1025196031,"extch_hw_cpu_frequency":2688,"extch_os_windows_info_version":"2009","extch_os_windows_info_build":"19045","extch_os_windows_info_family":"Windows 10 Pro","extch_os_windows_info":"Windows 10 Pro, Version 2009, ( OS Build 19045 )"}